IP,DESCRIPTION
98.25.148.248,Time Warner Cable
98.25.151.124,Time Warner Cable
98.25.158.219,Time Warner Cable
75.183.134.98,Time Warner Cable
98.25.145.5,Time Warner Cable
98.25.145.150,Time Warner Cable
98.25.149.23,Time Warner Cable
98.25.148.45,Time Warner Cable
98.25.149.211,Time Warner Cable
75.183.135.167,Time Warner Cable
98.25.149.24,Time Warner Cable
75.183.135.188,Time Warner Cable
98.25.149.60,Time Warner Cable
98.25.156.212,Time Warner Cable
98.25.159.35,Time Warner Cable
162.252.7.49,Horry Telephone Cooperative
98.25.152.150,Time Warner Cable
75.183.134.5,Time Warner Cable
98.25.156.169,Time Warner Cable
98.25.149.7,Time Warner Cable
98.25.159.71,Time Warner Cable
